{"cameraMode":{"drawMode":0,"name":"Shaded","section":"Shading Mode"},"sceneLighting":false,"audioPlay":false,"sceneViewState":{"m_AlwaysRefresh":false,"showFog":true,"showSkybox":false,"showFlares":true,"showImageEffects":true,"showParticleSystems":true,"showVisualEffectGraphs":true,"m_FxEnabled":true},"in2DMode":false,"pivot":{"x":2.9911742210388185,"y":0.46663612127304079,"z":2.687999963760376},"rotation":{"x":0.029889889061450959,"y":-0.9429212808609009,"z":0.08762462437152863,"w":0.32011371850967409},"size":1.2216291427612305,"orthographic":false}