{"cameraMode":{"drawMode":0,"name":"Shaded","section":"Shading Mode"},"sceneLighting":true,"audioPlay":false,"sceneViewState":{"m_AlwaysRefresh":false,"showFog":true,"showSkybox":true,"showFlares":true,"showImageEffects":true,"showParticleSystems":true,"showVisualEffectGraphs":true,"m_FxEnabled":true},"in2DMode":false,"pivot":{"x":-1.0974549055099488,"y":4.159663677215576,"z":-4.664183139801025},"rotation":{"x":0.010068591684103012,"y":0.6799865365028381,"z":-0.010777781717479229,"w":0.7337413430213928},"size":13.56657886505127,"orthographic":false}