{"cameraMode":{"drawMode":0,"name":"Shaded","section":"Shading Mode"},"sceneLighting":false,"audioPlay":false,"sceneViewState":{"m_AlwaysRefresh":false,"showFog":true,"showSkybox":false,"showFlares":true,"showImageEffects":true,"showParticleSystems":true,"showVisualEffectGraphs":true,"m_FxEnabled":true},"in2DMode":false,"pivot":{"x":-1.174912929534912,"y":0.4556361436843872,"z":-1.9372632503509522},"rotation":{"x":-0.21438318490982057,"y":0.012488231062889099,"z":-0.0023707787040621044,"w":-0.976973831653595},"size":0.7199965715408325,"orthographic":false}